movie_genre,movie_title,movie_id
Drama|Thriller,Black Sun (Kuroi taiyô),00-272-5587
Adventure|War,"Drum, The (Drums)",79-973-9599
Comedy|Crime,Crazy Stone (Fengkuang de shitou),42-923-6673
Comedy|Drama|Musical|Romance,"Woman Is a Woman, A (femme est une femme, Une)",65-330-0980
Documentary,Tell Them Who You Are,20-979-9291
Comedy|Drama,Happy We (Två killar och en tjej),73-556-6561
Drama,Hawking,38-431-4950
Horror,Maniac,37-257-6515
Horror|Mystery,Jacob's Ladder,39-801-7317
Documentary,"Congress, The",15-590-4205
Comedy,Tyler Perry's Why Did I Get Married Too?,22-758-5130
Action|Crime|Drama|Thriller,Thriller: A Cruel Picture (Thriller - en grym film),77-188-3169
Drama|Thriller,Requiem,79-789-0124
Comedy|Drama,Rosencrantz and Guildenstern Are Dead,10-326-9479
Comedy|Drama|Romance,All About Anna,60-175-0821
Drama|Romance,Love Story,66-186-7563
Drama,"Mary, Queen of Scots",14-690-8823
Comedy|Romance,Honeymoon in Vegas,35-845-4075
Crime|Film-Noir,"Trou, Le (Hole, The) (Night Watch, The)",52-599-5016
Action|Drama|Romance,Titanic,97-271-7516
Children|Comedy,Home Alone,87-764-6481
Documentary,When You're Strange,11-092-4913
Horror,"Club, The",49-140-8020
Comedy|Sci-Fi,Evolution,35-068-7911
Adventure|Comedy|Fantasy|Sci-Fi,Time Bandits,72-539-6947
Drama|Romance,Reconstruction,84-770-7407
Drama,Winter Sleep (Kis Uykusu),94-244-2079
Comedy,Kein Bund für's Leben,51-015-3247
Drama|Mystery|Thriller,Witness for the Prosecution,23-595-9670
Fantasy,Dreams That Money Can Buy,40-256-4303
Action|Romance|Western,"Star Packer, The",45-145-5137
Drama|Fantasy|Mystery|Thriller,Odd Thomas,52-077-8889
Comedy|Romance,Never Again,78-058-3771
Drama|War,Regeneration,70-741-8645
Adventure|Documentary,Reincarnated,72-822-9642
Mystery,Calling Dr. Death,47-752-6445
Drama,Repast (Meshi),53-700-7823
Adventure|Comedy|Romance,Two Arabian Knights,17-793-7397
Children,"Baby-Sitters Club, The",57-796-2433
Crime|Drama,Sympathy for Mr. Vengeance (Boksuneun naui geot),38-223-1425
Drama,Novo,06-196-1225
Adventure|Animation|Sci-Fi,Terra (a.k.a. Battle for Terra),08-715-1792
Comedy,Santitos,52-588-2086
Comedy|Romance,Needing You... (Goo naam gwa neui),40-688-9646
Drama,Bye-Bye,22-576-9330
Drama,Secrets of the Heart (Secretos del Corazón),78-428-5053
Drama,Floating Weeds (Ukigusa),08-085-3624
Thriller,Borgman,12-779-9463
Crime|Horror,King of the Ants,42-195-7822
Comedy|Documentary,Good Hair,54-646-8408
Drama,Chinese Coffee,17-049-5570
Comedy|Drama,Campus Radio,53-951-4624
Horror,"Shrine, The",63-341-6004
Documentary|Musical,Mad Dogs & Englishmen,77-242-1661
Comedy|Romance,"Secret of My Succe$s, The (a.k.a. The Secret of My Success)",85-979-4527
Documentary,"Lamp in the Dark; The Untold History of the Bible, A",75-025-8002
Animation,Yu-Gi-Oh!,36-268-6304
Crime|Drama|Mystery|Thriller,Fracture,85-673-5413
Drama,"Secret Life of Zoey, The",46-518-4528
Drama,"Tsatsiki, Morsan och Polisen",29-577-3113
Comedy|Drama,C.S.A.: The Confederate States of America,15-744-1684
Drama,Fuhrer Ex (Führer EX),84-324-8585
Comedy|Drama,Philomena,04-043-0608
Comedy|Drama,Rocket Singh: Salesman of the Year,75-460-9173
Drama,"Angel at My Table, An",07-050-8054
Drama,Cool as Ice,15-416-3755
Adventure|Comedy,The Fuller Brush Man,89-819-1084
Thriller,High Crimes,32-310-4233
Documentary|Drama,Rude Boy,74-585-5716
Crime|Sci-Fi,World on a Wire (Welt am Draht),47-549-6896
Drama|Fantasy|Mystery|Thriller,Odd Thomas,86-946-2312
Documentary,When We Were Kings,55-306-3260
Horror,"Texas Chainsaw Massacre 2, The",74-415-3560
Drama,Fear Strikes Out,34-252-0261
Animation|Children|Comedy|Musical,"Jungle Book, The",52-224-6183
Documentary,Speed: In Search of Lost Time (Speed - Auf der Suche nach der verlorenen Zeit),13-625-2812
Adventure|Drama,Sodom and Gomorrah,11-755-7145
Action|Comedy|Thriller,The Great Spy Chase,26-639-3094
Comedy,"Hammer, The",16-288-9775
Comedy|Romance,Runaway Bride,12-717-9752
Crime|Drama|Mystery,Murder on Monday,33-884-9454
Comedy,Peep World,38-693-1783
Documentary,Erasing David,64-616-9465
Thriller,China Moon,58-805-1416
Drama,Winter Kills,31-403-5820
Comedy|Romance,"Prince & Me, The",46-164-9255
Comedy,That's Life,16-454-0883
Horror|Thriller,Stuck,28-229-7971
Crime|Drama,Impact,96-631-8598
Drama|Romance,Time (Shi gan),88-931-5461
Comedy,"One, Two, Three",47-952-5038
Comedy,Brunet Will Call (Brunet wieczorowa pora),43-354-6180
Crime|Drama|Film-Noir,White Heat,50-408-8332
Drama|Romance,5x2,94-266-6182
Drama|Romance,Cinderella Liberty,65-301-6937
Action|Animation|Children|Comedy|Sci-Fi|IMAX,Megamind,44-260-7809
Comedy,"Swinger, The",94-992-3033
Fantasy|Mystery|Romance|Thriller,Dead Awake,14-257-6258
Drama,Sweet Hearts Dance,86-223-8223
Horror,Epitaph,94-536-9566
Adventure|Animation|Children|Fantasy|Musical,Quest for Camelot,47-583-9942
Adventure|Comedy,Leningrad Cowboys Meet Moses,13-024-8286
Comedy|Drama,India (Indien),10-938-5685
Mystery,The Man Without a Map,95-896-6002
Comedy,"Loco Love (Mi Casa, Su Casa)",07-830-5473
Drama,Bogowie,58-129-3063
Comedy|Romance,"Object of My Affection, The",85-507-1526
Comedy|Drama,Papadopoulos & Sons,16-584-8098
Drama,Raja,47-593-3398
Drama|Thriller,The Hour of the Lynx,47-117-6679
Comedy|Drama|Romance,Expired,33-662-3487
Drama,"End of Summer, The (Early Autumn) (Kohayagawa-ke no aki)",57-669-4793
Drama,Gleason,48-969-2489
Adventure|Drama|Romance,All the Brothers Were Valiant,13-595-8052
Drama,Maps to the Stars,84-751-2276
Documentary|Drama,Life in a Day,38-894-1850
Documentary,Vesku from Finland (Vesku),78-008-2645
Action|Animation|Drama|Sci-Fi|Thriller,Ghost in the Shell 2: Innocence (a.k.a. Innocence) (Inosensu),73-049-6056
Drama,Hong Kong Confidential (Amaya),54-399-5935
Horror|Thriller,Killer Holiday,84-451-1525
Horror,"Texas Chainsaw Massacre, The",55-315-5605
Comedy|Horror,Juan of the Dead (Juan de los Muertos),30-066-0132
Comedy,Mon Oncle (My Uncle),95-142-1477
Fantasy|Sci-Fi,The Inhabited Island,55-636-9726
Drama,Stella Does Tricks,59-954-1284
Drama|Mystery|Thriller,Non-Stop,06-356-8176
Comedy|Mystery,Lady of Burlesque,24-655-4977
(no genres listed),"Hen, his wife",82-829-2662
Drama|Musical|Romance,Funny Girl,47-822-6517
Comedy|Romance,"Story of My Life, The (Mensonges et trahisons et plus si affinités...)",05-241-6000
Mystery|Thriller,23 Paces to Baker Street,17-449-0106
Crime|Drama,Above the Rim,82-594-6505
Children|Comedy|Fantasy,March of the Wooden Soldiers (a.k.a. Babes in Toyland),90-518-2198
Drama,"Hunchback, The",99-855-4519
Drama,"Sweet Hereafter, The",28-154-5227
Documentary,"Last Klezmer: Leopold Kozlowski, His Life and Music, The",47-427-2535
Horror|Thriller,"Appeared, The (Aparecidos)",04-765-8624
Drama|Thriller,Apartment Zero,49-967-6001
Documentary,I.O.U.S.A. (a.k.a. IOUSA),28-637-7313
Drama|Romance,Jane Eyre,21-927-8374
Drama,Half Nelson,07-764-6544
Adventure|Drama|Sci-Fi,Close Encounters of the Third Kind,77-991-7405
Horror,Seizure,25-798-3707
Western,Comin' at Ya!,55-250-0897
Action|Adventure|Crime|Thriller,"Condemned, The",31-885-8245
Drama,"Innocent, The",76-948-3161
Drama|Romance|Sci-Fi|Thriller,Lucia,68-918-1948
Documentary,Sherman's March,55-490-7020
Drama|Romance,À nos amours,82-389-6995
Drama|Romance,Carrington,20-732-8717
Comedy|Drama|Fantasy,"Road, Movie",88-786-0694
Crime|Documentary,Prophet's Prey,80-181-2066
Crime|Thriller,Armageddon (Armaguedon),75-732-5194
Drama,Sundays and Cybele (Les dimanches de Ville d'Avray),48-143-6809
Animation|Fantasy,Wolf Children (Okami kodomo no ame to yuki),44-050-2895
Drama|War,Before the Rain (Pred dozhdot),57-211-1733
Drama,"Ring, The",98-412-6370
Drama|Romance|War,Dear John,03-287-9770
Crime|Fantasy|Horror,"Cabinet of Dr. Caligari, The (Cabinet des Dr. Caligari., Das)",81-034-6837
Crime|Romance|Thriller,Jagged Edge,63-019-8892
Drama|Thriller,Runaway Jury,04-909-7880
Drama|Horror,Martin,00-385-9341
Drama,Mooz-lum,17-851-1944
Drama,Purge (Puhdistus),97-429-7398
Action|Crime|Mystery|Thriller,Feed,31-355-3695
Children|Drama,Old Yeller,68-171-7280
(no genres listed),Wuthering Heights,15-047-1608
Action|Drama|War,To Hell and Back,61-310-8474
Action|Comedy,Grand Theft Auto,55-521-6617
Drama,Rapt,81-142-4837
Crime|Film-Noir|Thriller,"Big Clock, The",91-222-7017
Comedy|Romance,Jet Lag (Décalage horaire),66-223-6083
Mystery|Romance|Thriller,They Only Kill Their Masters,30-277-9966
Drama|Romance,Loulou,04-159-0024
Documentary,Scatter My Ashes at Bergdorf's,46-234-7374
Adventure|Romance,Wings in the Dark,67-951-7948
Action|Crime|Drama|Thriller,Fight Club,17-213-5777
Comedy|Drama,Brief Interviews with Hideous Men,46-520-9007
Documentary,"Unknown Soldier, The (Unbekannte Soldat, Der)",43-668-2926
Comedy,Bean,50-926-3591
Adventure|Drama|War,Kajaki,24-991-4118
Action|Comedy|Crime|Drama|War,Heart of Dragon (Long de xin),23-506-8198
Drama,My Favorite Season,89-196-7268
Action|Comedy|Drama|Romance,Love Exposure (Ai No Mukidashi),24-472-8668
Drama,Young Mr. Lincoln,92-243-4632
Drama,"Lost Son, The",19-725-0814
Action|Sci-Fi,District 13: Ultimatum (Banlieue 13 - Ultimatum),14-247-1956
Drama,Utamaro and His Five Women (Utamaro o meguru gonin no onna),63-365-4384
Action|Western,Young Guns II,49-414-0827
Drama,Trees Lounge,17-880-7071
Action|Animation|Fantasy,Superman/Batman: Public Enemies,28-424-4876
Drama|Western,"New Land, The (Nybyggarna)",43-939-3006
Drama,Back from Eternity,80-831-9722
Crime|Drama,Gangs of New York,67-728-2181
Romance|Thriller,Enigma,54-728-7458
Drama|Romance,"Heart of Me, The",34-594-6602
Crime|Drama|Romance,Tart,83-823-1677
Comedy,Spice World,41-061-9014
Comedy|Romance,Mr. Average,90-000-5806
Comedy,"Jerk Theory, The",45-947-5574
Drama,"Life, Above All",13-717-6908
Drama,Dry Season (Daratt),89-938-8722
Documentary,Tupac: Resurrection,80-249-0272
Drama,Eila,65-858-2133
Comedy|Drama|Mystery,"Life of Another, The (La vie d'une autre)",75-592-4002
Crime|Drama,Carbine Williams,85-963-5856
Drama|Romance,Heartbeats (Les amours imaginaires),63-666-9870
Mystery,Mike's Murder,03-541-9570
Action|Adventure|Fantasy|Horror,Hellboy,30-621-5423
Comedy|Romance,Hysteria,67-991-7657
Drama|Horror|Thriller,Deadline,73-191-9674
Horror|Thriller,Psycho III,87-351-9099
Drama,A Magnificent Haunting,32-935-8616
Comedy|Drama,"Love Movie, The (Rakkauselokuva)",60-408-6674
Comedy|Drama,"Inner Life of Martin Frost, The",00-647-9332
Drama,Oyster Farmer,87-046-8366
Documentary,Advertising and the End of the World,05-111-3956
Comedy|Romance,Arthur 2: On the Rocks,35-289-7883
Drama,Little Girl (La pivellina),16-123-4261
Comedy|Musical,Elstree Calling,02-686-5638
Crime|Drama,Rocco and His Brothers (Rocco e i suoi fratelli),78-473-1497
Comedy|Drama|Romance,Sleepless in Seattle,03-820-5372
Drama,"Phantom Carriage, The (Körkarlen)",44-991-7585
Drama,Master of the House (Du skal ære din hustru) (Thou Shalt Honour Thy Wife),47-414-3544
Drama|Horror|Thriller,Lightning Bug,70-133-4388
Drama|War,Lancelot of the Lake (Lancelot du Lac),37-041-3754
Drama,Capital (Le capital),21-257-8993
Crime|Thriller,"Postman Always Rings Twice, The",78-453-8156
Drama|Horror|Thriller,Backcountry,74-747-6204
Comedy|Romance,Only the Lonely,76-997-6328
Action|Drama,Zatoichi's Vengeance (Zatôichi no uta ga kikoeru) (Zatôichi 13),64-096-9940
Documentary|War,"Divide and Conquer (Why We Fight, 3)",49-467-2337
Drama|Thriller,City Hall,07-920-7965
Drama|Musical,Dreamgirls,19-021-1152
Drama,Brothers (Veljekset),52-675-1203
Action|Horror|Sci-Fi,Wyrmwood,15-974-3772
Drama,Al otro lado,39-557-5521
Horror|Mystery,Haunt,49-015-4229
Comedy,"Bikini Carwash Company, The",38-603-8197
Drama|Romance,Every Stewardess Goes to Heaven (Todas las azafatas van al cielo),59-346-8243
Action|Thriller,"Detonator, The",16-154-7639
Western,Escape from Fort Bravo,06-369-9190
Action|Adventure|Drama|Thriller,Miss Bala,01-580-4621
Western,Cheyenne Autumn,60-052-2277
Drama,"Life and Nothing But (Vie et rien d'autre, La)",93-280-2418
Drama,Blind,62-022-2731
Documentary,De nieuwe Wildernis,27-502-0199
Drama,One Night Stand,43-388-8122
Drama,Disraeli,39-746-5825
Action|Sci-Fi|Thriller,Equilibrium,05-616-7233
Comedy|Drama|Romance,Charly,77-416-9502
Comedy|Documentary,Monty Python: Almost the Truth - Lawyers Cut,74-140-5302
Drama|Thriller,Blindness,00-456-4957
Drama|War,Four Sons,75-522-6664
Action|Drama|War,The Raid,05-963-5410
Children|Comedy|Fantasy|Musical,Willy Wonka & the Chocolate Factory,41-476-5034
Horror,"Return of the Vampire, The",50-766-7063
Mystery,The Man Without a Map,26-402-6628
Fantasy|Horror,Nightbreed,74-421-4518
Horror,Greystone Park,21-436-7649
Documentary|Musical,Wattstax,42-305-4570
Drama|Romance,Idol of the Crowds,90-968-1049
Documentary,Gimme Shelter,10-338-5136
Documentary,44500 Max,96-806-7837
Comedy|Romance,"Yours, Mine and Ours",04-306-9256
Thriller,"In Crowd, The",77-872-3394
Horror|Sci-Fi|Thriller,Decoys 2: Alien Seduction ,59-556-5292
Action|Drama|Thriller|War,Zulu Dawn,48-725-1742
Comedy|Musical|Romance,Three Smart Girls Grow Up,96-787-9233
Horror,Bay of Blood (a.k.a. Twitch of the Death Nerve) (Reazione a catena),88-634-2273
Drama,"Salo, or The 120 Days of Sodom (Salò o le 120 giornate di Sodoma)",22-776-9796
Comedy,Coffee Town,25-176-1902
Sci-Fi,Clonehunter,19-258-2561
Comedy,My Fellow Americans,54-574-2389
Crime|Mystery|Thriller,Mr. Moto's Last Warning,94-352-5328
Comedy,Stay Tuned,23-429-1256
Action|Adventure|Thriller,"President's Man, The",65-191-9923
Crime|Mystery|Romance,3 A.M.,33-220-6792
Comedy,The Mystery of the Leaping Fish,74-180-4570
Crime|Drama|Mystery|Thriller,Shadows in an Empty Room,12-849-9228
Comedy|Romance,"Miracle of Morgan's Creek, The",86-970-2150
Adventure|Children|Sci-Fi,D.A.R.Y.L.,93-049-4200
Documentary,Special When Lit,39-541-4662
Drama|War,"Peck on the Cheek, A (Kannathil Muthamittal)",99-559-8630
Drama,Jean Gentil,15-764-7477
Documentary,When You're Strange,46-872-7987
Drama,My Joy (Schastye moe),31-674-7948
Comedy|Romance,The Tunnel of Love,95-502-0579
Drama|Romance,Sparrows Dance,81-284-1458
Mystery|Thriller,"Black Box, The (La boîte noire)",09-609-4392
Comedy|Horror,Decampitated,43-118-2218
Musical|Romance,Summer Holiday,89-250-8261
Drama|Horror|Mystery|Romance|Thriller,Night of Dark Shadows,22-794-3956
Crime|Drama,Murder in Coweta County,45-151-9506
Drama|Romance,Three Coins in the Fountain,27-240-1437
Drama|Romance|War,"Cranes Are Flying, The (Letyat zhuravli)",88-887-7551
Drama,Outsiders (Ceddo),45-560-4874
Crime|Drama,Ajami,95-398-9526
Action|Adventure|Sci-Fi|Thriller,Clockstoppers,47-875-7584
Adventure|Comedy,"Inbetweeners Movie, The",35-400-5255
Drama,Madadayo (a.k.a. Not Yet),44-051-3383
Adventure|Drama|War,Warriors (Guerreros),05-879-3690
Drama,Gold of Rome (L'oro di Roma),68-674-2426
Action|Drama|War,Defenders of Riga,01-825-4804
Drama,Marvin's Room,75-103-5091
Drama,"Lion in Winter, The",94-000-2728
Action|Children|Comedy|Fantasy,Alone for Christmas,96-850-9069
Drama,Cannery Row,85-867-4800
Comedy|Drama,What Have I Done to Deserve This? (¿Qué he hecho yo para merecer esto!!),62-500-4133
Adventure,"Light at the Edge of the World, The",33-470-5559
Comedy,"Man Who Quit Smoking, The (Mannen som slutade röka)",45-196-5887
Documentary,Hoop Dreams,29-608-4538
Horror|Thriller,Unrest,96-753-7035
Drama,"Grandfather, The (Abuelo, El)",72-044-9321
Drama|Romance,American Pastime,27-048-2150
Action|Thriller,S.W.A.T.,72-409-4789
Drama|Film-Noir|Thriller,Tight Spot,43-332-8300
Animation|Comedy,Flushed Away,25-325-0615
Sci-Fi,"Beast from 20,000 Fathoms, The",18-498-4151
Comedy,Road Hard,82-017-4487
Adventure|Drama|Horror,Giorgino,85-419-2629
Documentary,Bad Blood: A Cautionary Tale ,61-473-0412
Drama,In the City (En la ciudad),67-170-5740
Adventure|Comedy|Sci-Fi,G.O.R.A.,05-124-0589
Adventure|Documentary,Touching the Void,98-976-8779
Drama|War,"Soldier's Sweetheart, A",36-656-2744
Comedy|Mystery|Thriller,"Abbott and Costello Meet the Killer, Boris Karloff",47-337-0746
Comedy,"I Love You, Man",39-109-1952
Comedy,CB4 - The Movie,30-887-9517
Horror,It's Alive,20-912-2391
Drama,Jubilee,01-252-4039
Drama,Identification of a Woman (Identificazione di una donna),56-377-7684
Drama,Imagine I'm Beautiful,21-736-2118
Adventure|Children|Fantasy,"Water Horse: Legend of the Deep, The",03-475-5142
Drama|Sci-Fi,"Body, The",40-177-9197
Children,Jack Frost,14-935-1937
Crime|Drama|Mystery,"Colder Kind of Death, A",86-569-6184
Drama,"Life of Oharu, The (Saikaku ichidai onna)",29-462-7897
Comedy,The Wedding Ringer,54-206-5970
Comedy|Drama,Lucky Lady,74-485-0881
Drama,Bloodbrothers,45-145-8102
Drama,Home,50-845-0558
Romance,Boy Meets Boy,78-672-8962
Horror,Bloodsucking Freaks,42-974-5570
Action|Drama|Thriller,Bummer (Bumer),73-418-2976
Drama|Horror|Mystery|Thriller,Thr3e (Three),46-593-2995
Drama,Bonhoeffer: Agent of Grace,57-794-0325
Adventure,King Lines,81-332-2997
Documentary,Jupiter's Wife,67-402-0217
Comedy|Drama,Cashback,76-764-9747
Documentary,LennoNYC,42-729-6055
Thriller,Wicked,19-220-3455
Comedy|Drama|Romance,Italian for Beginners (Italiensk for begyndere),93-819-3554
Animation|Children|Comedy,Gertie the Dinosaur,10-385-0216
Drama,It Rains in My Village (Bice skoro propast sveta),91-503-7640
Drama|Fantasy,Beauty and the Beast (La belle et la bête),51-169-8771
Mystery,My Gun is Quick,32-372-5383
Comedy|Romance,Modern Romance,18-433-0033
Drama|War,Nomad (Köshpendiler),30-931-9540
Adventure,Thunder Bay,97-601-2938
Drama|Romance,Off Beat,05-902-6881
Comedy|Drama,First Monday in October,80-510-2119
Drama|Thriller,Kill for Me,81-050-1836
Thriller,"Disappearance of Alice Creed, The",36-293-6285
Comedy,La vérité si je mens !,41-487-7378
Action|Crime|Drama|Thriller,Clear and Present Danger,74-972-2603
Crime|Drama|Thriller,Brothers: The Return,43-249-3820
Documentary,Plutonium Circus,49-381-0135
Adventure|Children,The Call of the Wild,24-743-1757
Drama|Film-Noir|Mystery|Romance,"Signal, The (Señal, La)",85-762-5474
Drama|Romance,Skipped Parts,57-192-9210
Drama|Romance,Our Daily Bread,80-877-9468
Comedy|Drama|Romance,Expired,88-994-6488
Drama|War,Killing Lincoln,86-969-3719
Drama,White God (Fehér isten),54-926-2201
Comedy|Fantasy|Romance,"Bell, Book and Candle",57-475-6447
Documentary,Paying the Price: Killing the Children of Iraq,89-848-6194
Action|Comedy|Crime,Bad Company,88-398-0289
Comedy,Ponterosa,39-354-7143
Comedy,"Survivors, The",21-729-5362
Drama|Thriller,Poison Ivy II,32-149-3729
Horror,2AM: The Smiling Man,44-662-5983
Action|Adventure|Sci-Fi,Star Trek: Of Gods and Men,47-620-2686
Crime|Drama|Mystery,"After Dark, My Sweet",48-933-7499
Action|Adventure|Drama|War,Night Ambush (Ill Met by Moonlight),92-178-9954
Documentary,Täynnä Tarmoa,05-875-2597
Drama|Fantasy|Horror|Mystery|Thriller,Gemini (Sôseiji),74-341-1364
Comedy,"Excuse Me Darling, But Lucas Loved Me",25-055-4739
Horror|Sci-Fi,The Facility,05-225-3214
Drama,Gracie,90-944-8234
Drama|Romance|Western,All the Pretty Horses,10-658-7437
Comedy,Tora-san's Rise and Fall (Otoko wa tsurai yo: Torajiro aiaigasa),61-266-6119
Horror|Thriller,Blue Sunshine,30-762-8699
Comedy|Drama|Mystery,Septien,33-055-7067
Action|Adventure|Comedy|Crime,I Spy,24-648-6564
Crime|Drama|Thriller,London to Brighton,29-604-0108
Documentary,Knuckle ,97-077-6682
Action,The Hire: Ambush,74-234-9854
Drama,Baby Doll,60-843-2233
Comedy|Drama|Romance,"Swan, The",12-932-8842
Horror,Hellraiser: Inferno,47-297-4882
Documentary,Television Under the Swastika (Das Fernsehen unter dem Hakenkreuz),17-165-6573
Drama,Boy Meets Girl,89-177-1073
Drama,Snow Flower and the Secret Fan,52-101-2557
Drama,"Interrogation, The (Kuulustelu)",41-642-6803
Action|Adventure|War,Operation Crossbow,71-756-2016
Drama,Rikyu,36-682-9051
Animation|Children|Comedy,"Rugrats Movie, The",97-137-5261
Crime|Thriller,Girls Against Boys ,62-760-3351
Drama,"Taste of Honey, A",34-985-9248
Comedy,Jacky in the Kingdom of Women,24-168-1242
Animation|Children,"Brave Little Toaster, The",80-488-8130
Horror|Sci-Fi,"Invisible Man, The",31-896-5808
Drama|War,"Henry V (Chronicle History of King Henry the Fift with His Battell Fought at Agincourt in France, The)",22-437-0664
Adventure|Drama|Romance,Silk,72-404-6418
Animation|Comedy|Sci-Fi,Mutant Aliens,21-136-9016
Crime|Drama|Thriller,Owning Mahowny,05-195-9486
Comedy|Romance,Leap Year,01-189-8777
Action|Adventure|Fantasy,Conan the Destroyer,42-620-7419
Crime|Horror|Thriller,Saw III,46-130-7179
Children|Crime|Drama,The Winslow Boy,00-287-5072
Drama|Romance,Total Eclipse,22-039-0056
Documentary,Olympia Part Two: Festival of Beauty (Olympia 2. Teil - Fest der Schönheit),19-534-4558
Comedy,Twins,47-330-6902
Drama,Toto le héros,41-610-7043
Drama|Thriller,Cherrybomb,83-610-3689
Drama,"Golden Thread, The (Subarnarekha)",59-200-0321
Action|Adventure|Western,"Trail Beyond, The",14-493-0941
Animation|Comedy|Horror|Musical,"Legend of Sleepy Hollow, The",75-603-8027
Action|Adventure|Sci-Fi|IMAX,After Earth,63-830-8379
Comedy|Drama,Diving In,16-468-8867
Comedy|War,Canadian Bacon,65-183-2445
Comedy|Drama|Romance,"Pill, The",55-504-6515
Drama,Run If You Can,45-655-5253
Crime|Drama|Romance,"Decalogue, The (Dekalog)",76-596-2618
Drama,Warrior,70-993-4098
Action|Comedy|Drama|Thriller,Dead Fish,37-541-4855
Crime|Mystery|Romance|Thriller,"Oxford Murders, The",14-632-3393
Drama,Yesterday,70-355-3581
Action|Adventure|Drama|Fantasy,"Seeker: The Dark Is Rising, The",98-222-2678
Action|Adventure,Around the World Under the Sea,44-325-4655
Drama,"Live and Become (Va, vis et deviens)",42-294-0658
Horror|Sci-Fi,X: The Unknown,49-599-2290
Action|Sci-Fi,Attack from Space,21-316-7928
(no genres listed),Passeio com Johnny Guitar,25-105-1664
Action,The Monkey Hustle,09-193-7854
Action|Drama|War,"Green Berets, The",08-959-2496
Drama|Romance,Steam: The Turkish Bath (Hamam),40-866-4416
(no genres listed),The Distance,26-022-8198
Animation|Children,The Brave Little Toaster Goes to Mars,64-459-5591
Action,3 Little Ninjas and the Lost Treasure,41-389-9009
Crime,Gasoline (Benzina),94-419-9349
Action|Drama|Sci-Fi,Godzilla vs. Mechagodzilla II (Gojira VS Mekagojira),09-535-8391
Action|Animation|Sci-Fi,"Batman: The Dark Knight Returns, Part 1",61-604-9582
Comedy|Drama,Employee of the Month,29-701-4968
Drama,On_Line (a.k.a. On Line),91-170-0679
Drama,Remember the Titans,90-772-3282
Film-Noir,"Big Knife, The",47-667-4505
Comedy|Romance,Men to Kiss,59-311-8033
Crime|Drama|Mystery|Thriller,Red Riding: 1974,18-553-3000
Documentary,Welcome to Macintosh,40-572-0918
Drama,MacArthur,77-989-8452
Comedy,"Bad News Bears, The",87-729-5146
Action|Crime|Drama|Thriller,Out for Justice,61-718-5423
Comedy|Drama|Romance,Touch of Pink,88-919-8540
Comedy,Eddie,91-109-2005
(no genres listed),Old Man Drinking a Glass of Beer,72-396-6966
Children|Comedy|Drama|Musical,Rebecca of Sunnybrook Farm,75-128-0394
Drama,"Mark of Cain, The",13-304-4447
Drama,Ragamuffin,98-156-7369
Comedy|Sci-Fi,Who Wants to Kill Jessie? (Kdo chce zabít Jessii?),77-041-3391
Comedy|Romance,Better Than Sex,44-554-9445
Comedy,Get to Know Your Rabbit,42-281-3500
Comedy|Documentary|Drama,Salaam Cinema,36-070-9790
Adventure|Sci-Fi,"Hamburg Syndrome, The (Die Hamburger Krankheit)",01-005-5356
Adventure|Fantasy|Film-Noir|Mystery|Sci-Fi,"Aerial, The (La antena)",06-657-5456
Crime|Drama|Thriller,Calling Dr. Gillespie,66-443-9669
Documentary,This American Journey,57-481-7133
Drama|War,"Diary of Anne Frank, The",15-299-5312
Drama|Thriller,The Wait,63-542-5592
Horror,Bells of Innocence,46-568-7687
Drama|Musical|Romance,Bitter Sweet,85-093-1137
Comedy|Drama,"Naughty Room, The",34-234-0835
Animation|Comedy,Gone Nutty,03-851-1234
Action|Comedy|Crime|Drama,Perrier's Bounty,00-724-4718
Comedy|Drama,Noise,11-086-4747
Documentary,Life After People,33-467-0436
Horror,HazMat,73-219-4526
Mystery|Thriller,The Body,19-239-5413
Drama,There's Only One Sun,61-152-6387
Documentary,10 Mountains 10 Years,50-701-5180
Comedy|Crime|Drama|Mystery,"Late Show, The",65-826-9416
Horror,Silent Night,31-534-6748
Thriller,The Intruders,50-265-5304
Western,Light the Fuse... Sartana Is Coming,20-634-0619
Comedy|Drama,"Mercredi, folle journée!",56-665-0172
Comedy,Mabel's Married Life,92-824-4424
Fantasy|Mystery,Doodlebug,85-260-1067
Comedy|Drama,Funny Bones,25-039-7885
Horror,"Twilight People, The",05-654-1064
Comedy|Drama|Romance,Bulworth,64-504-0316
Drama|Horror|Sci-Fi|Thriller,Man Made Monster,71-820-8712
Action|Sci-Fi|Thriller,Death Race 2,05-318-1293
Comedy,Love Serenade,17-881-0652
Crime|Drama,Bigga Than Ben,44-580-1030
Documentary|IMAX,Alaska: Spirit of the Wild,45-318-6834
Drama|Horror|Mystery|Thriller,"Leopard Man, The",39-073-5565
Drama|War,Beachhead,56-577-5079
Action|Drama|Romance|Western,Stagecoach,18-497-0614
Comedy|Crime|Film-Noir,The Bloody Olive,91-105-1306
(no genres listed),Goldengirl,59-499-2455
Drama|Romance,Save the Last Dance 2,47-146-3177
Documentary,Scratch,94-837-3086
Drama,And the Band Played On,64-842-2870
Adventure|Documentary|IMAX,T-Rex: Back to the Cretaceous,96-021-8415
Comedy|Drama,Elling,70-854-6127
Comedy,The Fuller Brush Girl,03-207-7990
Drama|Thriller,Awake,67-739-4807
Crime|Drama|Mystery|Romance|Thriller,Wild at Heart,83-326-4779
Action|Animation|Drama|Sci-Fi,Gunbuster (Top wo Narae),35-451-2749
Horror|Sci-Fi|Thriller,"Astronaut's Wife, The",24-117-6480
Drama,Flirting,69-228-7828
Horror|Sci-Fi,"Crawling Hand, The",25-926-3806
Adventure|Drama,"Adventures of Huckleberry Finn, The",13-941-3630
Drama,"Munekata Sisters, The (Munekata kyôdai)",96-319-2336
Adventure|Comedy|Fantasy,Hui Buh: The Castle Ghost,50-293-3469
Comedy,"Animal, The",40-013-4092
Action|Horror|Mystery|Thriller,"Fog, The",54-731-9754
War,Prisoner of the Mountains (Kavkazsky plennik),75-195-5843
Drama,All the Light in the Sky,16-309-4056
Comedy,"Great White Hype, The",35-735-9466
Action|Comedy|Thriller,Collision Course,64-492-8053
Drama|Musical,"Joker Is Wild, The (All the Way)",98-492-2254
Comedy|Drama|Romance,"Family Jewels, The (Eierdiebe)",55-086-2633
Documentary,Pray the Devil Back to Hell,62-350-2810
Drama,Not One Less (Yi ge dou bu neng shao),27-983-6192
Adventure|Children|Comedy|Fantasy,Asterix & Obelix vs. Caesar (Astérix et Obélix contre César),88-645-7033
Drama,"Gospel, The",33-833-1779
Adventure|Animation|Children|Comedy|Fantasy,Brother Bear 2,62-433-3987
Comedy|Musical|Romance,Presenting Lily Mars,54-723-5686
Comedy,American Reunion (American Pie 4),79-223-1347
Action|Drama|Mystery|Thriller,"Quiller Memorandum, The",62-699-6952
Documentary,Giger's Necronomicon,59-560-2386
Comedy,National Lampoon's Vacation,30-114-2695
Animation|Children,Day & Night,22-135-0847
Comedy|Fantasy,Bad Johnson,79-785-5472
Comedy|Drama,"Last Casino, The",73-847-6955
Comedy|Drama,Always Leave Them Laughing,37-173-8323
Drama,"Woodsman, The",96-801-4291
Documentary,American Movie,05-400-3257
Action|Adventure|Comedy|Fantasy|Sci-Fi,Super Capers,08-730-5035
Drama|War,Paisan (Paisà),38-264-8824
Action|Adventure|Animation|Children|Comedy|IMAX,Kung Fu Panda 2,24-108-9590
Crime|Drama|Romance,Trojan Eddie,34-735-2324
Action|Fantasy|Horror|Thriller,Legion,93-653-0456
Children|Comedy|Fantasy,Freaky Friday,09-025-2064
Action|Comedy|Crime|Drama|Thriller,Money Train,21-672-3686
Crime|Drama|Film-Noir,Criss Cross,43-291-6696
Crime|Drama|Thriller,Gorky Park,22-273-5232
Adventure|Horror,The Mountain of the Cannibal God,84-665-6338
Drama,Flame and Women (Honô to onna) ,89-328-2960
Adventure|Children|Musical,Tom Sawyer,67-485-4891
Documentary,Grass,21-618-5884
Comedy|Drama|Romance,Alfie,51-834-3671
Drama,Lake Tahoe,61-310-0314
Comedy|Drama|Romance,Broken English,20-184-4597
Children|Drama,Dolphin Tale 2,30-864-6018
Documentary,One Life,27-945-7992
Drama,Skokie ,71-549-9686
Adventure|Fantasy|IMAX,Harry Potter and the Prisoner of Azkaban,65-023-4546
Documentary,To Be and to Have (Être et avoir),07-484-5251
Comedy|Musical|Romance,On the Town,88-137-9255
Action|Crime|Drama,"Hidden Assassin (Shooter, The)",89-656-4899
Drama,Any Number Can Play,07-677-3284
Comedy|Romance,Swept Away,35-450-4271
Documentary|IMAX,Alaska: Spirit of the Wild,98-562-7934
Horror|Mystery|Thriller,Munger Road,64-983-4058
Crime|Horror|Mystery,Satan's School for Girls,09-208-4945
Documentary,Chasing Beauty,00-884-0865
Comedy,Let's Do It Again,00-990-0439
Horror|Sci-Fi,Quatermass and the Pit,66-750-5937
Horror,"City of the Living Dead (a.k.a. Gates of Hell, The) (Paura nella città dei morti viventi)",67-829-3954
Thriller|War,Sealed Cargo,30-899-3588
Drama|Horror|Mystery|Sci-Fi|Thriller,"Box, The",93-682-0774
Crime|Drama|Thriller,Twelve,93-771-5202
Comedy,Where the Boys Are '84,69-151-7394
Animation|Documentary,Is the Man Who Is Tall Happy?,47-707-8027
Drama|Film-Noir|Mystery,"Woman's Secret, A",23-958-9503
Comedy|Drama|Romance,I Like It Like That,45-124-0685
Drama,Woman in the Dunes (Suna no onna),13-819-8871
Comedy,Barry Munday,98-041-7866
Adventure|Children|Drama,True Heart,14-460-8010
Documentary,"Windmill Movie, The",18-360-4378
Action|Animation|Drama|Sci-Fi,"Animatrix, The",11-681-6162
Drama,"Country Girl, The",33-939-7241
Comedy|Western,"Cheyenne Social Club, The",39-296-5992
Action|Adventure|Thriller,GoldenEye,25-002-1472
Comedy,Dara Ó Briain Talks Funny: Live in London,50-369-4625
Action|Comedy|Romance,"Mask of Zorro, The",78-247-5353
Action|Adventure|Drama,Zatoichi's Cane Sword (Zatôichi tekka tabi) (Zatôichi 15),40-696-0464
Drama|Mystery|Thriller|War,White Material,79-168-8500
Horror|Sci-Fi,"Goke, Body Snatcher from Hell (Kyuketsuki Gokemidoro)",42-767-0621
Documentary|Musical,"Year and a Half in the Life of Metallica, A",04-086-4358
Drama,I Am Michael,03-249-4784
Action|Drama,Bad Asses (Bad Ass 2),75-970-0687
Documentary,Scratch,87-899-0478
Drama|Fantasy|Mystery,Lady in the Water,07-744-8566
Adventure|Animation|Children,Pocahontas II: Journey to a New World ,09-534-7292
Comedy|Drama|Romance,Irreconcilable Differences,80-629-7710
Comedy,"Hi, Mom!",25-163-8567
Comedy|Fantasy,Beetlejuice,94-275-9638
Documentary,"Amour fou, L'",22-515-6736
Adventure|Romance|IMAX,Wings of Courage,80-098-1715
Comedy,El chocolate del loro,00-674-9478
Drama|Thriller,"Riot Club, The",34-129-4875
Crime|Drama|Mystery,"Tender Hook, The (Boxer and the Bombshell, The)",35-461-4777
Comedy|Crime|Drama,Crimes and Misdemeanors,23-655-0066
Drama,"Attack, The",55-963-3226
Drama|Romance,"Lovely, Still",14-799-4246
Comedy|Western,One Little Indian,93-640-4749
Children|Comedy,Slappy and the Stinkers,87-456-4959
Thriller,Number Seventeen (a.k.a. Number 17),19-753-3332
Drama|Horror|Mystery,"Living and the Dead, The",11-400-2035
Adventure,"Last Valley, The",07-047-5887
Crime|Thriller,"Border Run (Mule, The)",59-984-3814
Comedy|Horror,Gremlins 2: The New Batch,20-176-8664
Horror,Snowbeast,14-370-0898
Adventure|Sci-Fi,Daleks' Invasion Earth: 2150 A.D.,02-839-6184
Drama,"Legend of 1900, The (a.k.a. The Legend of the Pianist on the Ocean) (Leggenda del pianista sull'oceano)",63-774-4336
Drama|War,I Was Monty's Double,08-930-0197
Documentary,The Gold Spinners,72-826-4192
Comedy,I Wanna Hold Your Hand,94-474-9529
Comedy,Girls About Town,72-983-7153
Horror,"Serpent and the Rainbow, The",02-948-8634
Crime|Film-Noir|Thriller,"Big Clock, The",15-553-7890
Drama|Mystery,Agatha,51-541-2259
Drama|Romance,Love Story,29-558-9554
Fantasy|Horror,"Golem, The (Golem, wie er in die Welt kam, Der)",88-813-1069
Comedy|Drama,Renaissance Man,48-712-7274
Comedy|Drama,Tout ce qui brille,76-755-3360
Adventure|Animation|Children|Sci-Fi|IMAX,Treasure Planet,03-517-2179
Crime|Drama|Thriller,Mitä meistä tuli,78-996-7462
Documentary,Grateful Dead,88-509-3877
Action|Drama,The Apocalypse,65-618-4894
Documentary,"Statues Also Die (Statues meurent aussi, Les)",18-627-6883
Children|Comedy,Meet the Deedles,90-746-9495
Documentary,"World Before Her, The",11-037-1481
Comedy|Horror|Thriller,"Grave, The",94-947-7667
Comedy|Drama,We Bought a Zoo,16-742-0943
Drama,Once Upon a Time in the Midlands,74-163-9033
Action|Comedy|Romance,Stroker Ace,09-436-3173
Action|Adventure|Animation|Children|Fantasy,Bionicle: Mask of Light (Bionicle: Mask of Light - The Movie),18-158-7815
Film-Noir,Kiss Me Deadly,80-472-6261
Crime|Drama,Wisegirls,37-753-8410
Drama,Intruder in the Dust,69-685-7865
Adventure|Animation|Children|Fantasy,"Lord of the Rings, The",11-184-8385
Adventure|Drama|War,Cabiria,01-278-1088
Crime|Film-Noir,House of Bamboo,24-721-0196
Horror,Mum & Dad,99-445-4230
Drama,"Year My Voice Broke, The",33-372-4925
Adventure|Animation|Children,Digimon: The Movie,91-571-7459
Action|Drama|War,Gods and Generals,09-426-5656
Comedy,Ricky Gervais Live: Animals,71-565-8838
Comedy|Romance,Chasing Liberty,52-120-8002
Documentary,Sergio,92-735-7796
Romance|Thriller,I See a Dark Stranger,81-383-7056
Action|Sci-Fi,"Terror Beneath the Sea, The (Kaitei daisensô)",48-298-0282
Comedy|Drama|Romance,"First Time, The",89-548-9821
Drama,Poison,52-589-8697
Action|Adventure|Drama,Snow White and the Huntsman,36-155-9154
Drama|Fantasy|Mystery|Romance,"Faraway, So Close (In weiter Ferne, so nah!)",50-915-0839
Drama|Romance|Thriller,Woman in the Meadow (Nainen kedolla),56-784-0733
Comedy,The Swedish Moment,43-820-6191
Action|Adventure,"Fighting Prince of Donegal, The",41-019-6764
Crime|Drama|Thriller,Five Minutes to Live,53-105-1332
Documentary,LennoNYC,57-414-3953
Action|Adventure|Drama|Thriller,"Order, The",44-305-9984
Crime|Drama|Romance,Pépé le Moko,74-216-7245
Documentary,"Deeper Shade of Blue, A",14-093-9679
Drama|Mystery,Charlie Chan in London,66-473-9821
Comedy|Romance,Frenchmen 2,91-992-8574
Documentary,Return with Honor,63-316-5924
Drama,My Love Has Been Burning (Waga koi wa moenu),83-044-7537
Horror,Ghost Ship,77-386-9236
Fantasy|Horror|Thriller,Kill by Inches,26-736-7438
Drama|Film-Noir|Mystery|Romance,In a Lonely Place,62-718-5673
Comedy|Drama|Romance|War,"Tiger and the Snow, The (La tigre e la neve)",30-660-9958
Crime|Drama|Thriller,"Craigslist Killer, The ",45-478-4265
Drama|Romance,Zabriskie Point,56-394-8581
Documentary,The Open Road,49-523-2168
Documentary|Romance,112 Weddings,39-536-5500
Action|Comedy,Project A ('A' gai waak),53-871-1715
Comedy|Drama|Romance,"Chapman Report, The",99-620-0683
Documentary,Giger's Necronomicon,65-767-6601
Animation|Children,"Jungle Book 2, The",90-679-0003
Horror|Romance|Sci-Fi,"Man from Planet X, The",55-272-6409
Crime|Horror|Thriller,Giallo,91-386-7385
Documentary,"Food, Inc.",07-302-1444
Drama|Horror,Beyond Bedlam,78-886-1674
Crime|Drama,Steel Toes,21-221-6917
IMAX,Encounter in the Third Dimension,64-984-4452
Documentary,"White Darkness, The",17-173-1378
Sci-Fi,Devil Girl From Mars,70-919-3774
Documentary,GLOW: The Story of the Gorgeous Ladies of Wrestling,20-062-6474
Sci-Fi,Omega Doom,32-242-9015
Animation|Horror|IMAX,Haunted Castle,97-517-0868
Children|Comedy,St. Trinian's,34-265-6207
Comedy,Worth Winning,26-448-9401
Drama,Resurrecting the Champ,14-153-1440
Documentary,Girl 27,24-409-1352
Horror|Thriller,Evidence ,32-017-6209
Comedy|Drama|Romance,Moonrise Kingdom,20-037-6630
Children|Fantasy,"Witches, The",83-280-0009
Documentary,10 Mountains 10 Years,01-342-0211
Documentary,James Dean Remembered,97-641-2616
Comedy|Drama|Romance,Nobody's Fool,17-001-1558
Crime|Drama,Wild Bill,91-361-3029
Comedy,"Three Stooges, The",37-602-4320
Action|Drama|Thriller,Chronic Town,07-334-4513
Animation|Comedy,"Big Snit, The",61-641-2151
Drama,"Boys of St. Vincent, The",87-767-2782
Mystery|Thriller,Uncovered,94-136-0849
Action|Adventure|Sci-Fi,X-Men,07-765-5126
Comedy,H.O.T.S.,35-372-2414
Comedy|Drama|Romance,Magic in the Moonlight,45-134-0578
Drama,Majesteit,61-687-6336
Horror|Mystery,"Vault of Horror, The",57-325-4481
Horror,Slumber Party Massacre II,88-325-5936
Documentary,Disorder,42-804-6610
Crime,The Blue Room,52-588-5420
Horror,"Twilight People, The",98-792-7667
Romance,"House of Mirth, The",20-012-1784
Drama|Romance,Parallel Sons,33-279-4107
Comedy|Musical,Excuse My Dust,02-000-5133
Drama,Djomeh,17-038-6385
Comedy|Drama,"Story of Luke, The",72-385-1648
Comedy|Horror|Sci-Fi|Thriller,Sand Sharks,78-095-4363
Children|Drama,Letters to God,49-832-8706
Documentary,8: The Mormon Proposition,32-596-5631
Action|Drama,Rocky II,46-880-5951
Drama|Film-Noir|Horror|Mystery,"Seventh Victim, The",33-569-8406
Action,Hammer of the Gods,56-589-6668
Crime|Drama|Musical,King Creole,29-771-1094
Adventure|Western,River of No Return,84-921-0764
Comedy|Drama,Accidents Happen,61-844-1802
Drama|War,"Human Condition I, The (Ningen no joken I)",75-492-6649
Horror,"Texas Chainsaw Massacre, The",04-524-9034
Drama,24 City (Er shi si cheng ji),41-770-6879
Comedy,Fast Food,97-113-2975
Musical,Opera Jawa,19-026-7919
Crime|Drama|Thriller,Delusion,30-920-3726
Children|Drama,"Railway Children, The",42-461-6513
Drama|Thriller,"Hijacking, A (Kapringen)",64-243-3736
War,Mare Nostrum,10-567-6826
Comedy|Romance,Crush,53-664-1430
Drama|Western,Rancho Notorious,71-348-8053
Action|Adventure|Comedy|War,Operation Dumbo Drop,94-575-8619
Comedy|Romance,Sun Alley (Sonnenallee),30-457-9075
Comedy,700 Sundays,98-567-4823
Documentary|War,Winter Soldier,46-442-6767
Action|Adventure,"Touch of Zen, A (Xia nu)",86-115-3847
Horror|Mystery|Thriller,Homicidal,63-662-8485
Comedy,Silent Movie,63-827-8150
Children|Comedy,Gus,88-406-7572
Drama,Two Sons of Francisco (2 Filhos de Francisco - A História de Zezé di Camargo & Luciano),73-426-2209
(no genres listed),Caroline?,06-752-5175
Action|Drama|Thriller|War,Throne of Blood (Kumonosu jô),45-621-2860
Comedy|Crime,Crime on the Highway,87-684-2153
Drama,Red Dust,57-036-3685
Comedy,New Waterford Girl,79-714-6076
Drama|Thriller,The Stanford Prison Experiment,97-328-6537
Drama|War,Trial of the Road (Check-up on the Roads) (Checkpoint) (Proverka na dorogakh),98-817-2097
Drama,Little Birds,27-315-9387
Comedy|Drama|Fantasy|Mystery,"Exterminating Angel, The (Ángel exterminador, El)",40-701-0096
Documentary,Kinbaku,60-609-0028
Adventure|Comedy,Buddies (Colegas),82-203-5192
Drama|Horror|Romance|Thriller,Wolf,43-173-8316
Comedy|Romance,Strange Planet,17-732-2612
Comedy|Fantasy|Mystery,Scooby-Doo! The Mystery Begins,16-828-8280
Comedy|Fantasy,Heart and Souls,50-991-0586
Action|Adventure|Fantasy,"Scorpion King 2: Rise of a Warrior, The",65-326-3030
Comedy|Drama,We Need a Vacation (Fais-moi des vacances),83-552-2871
Comedy|Drama|Fantasy,Miracle in Milan (Miracolo a Milano),70-409-1244
Horror|Mystery|Thriller,"Ring, The",82-337-2952
Drama,Norma Rae,83-965-8532
Musical|Romance,Carousel,99-309-0358
Comedy,Ellen DeGeneres: The Beginning,87-828-3329
Drama|Thriller,Deterrence,49-917-3877
Comedy,Brewster McCloud,70-200-9377
Comedy|Romance,Girl on a Bicycle,83-663-8759
Comedy|Drama|Mystery|Romance,Patsy,58-776-4403
Drama|Romance,"Fabulous Baker Boys, The",10-152-0236
Drama,Canciones de amor en Lolita's Club,81-327-4257
Action|Sci-Fi,Collision Earth,81-120-2006
Adventure|Animation|Children,Lady and the Tramp II: Scamp's Adventure,38-962-6385
Comedy|Drama|Musical|Romance,Pal Joey,01-659-4150
Comedy,Le grand soir,14-870-8525
Drama,Jealousy,68-738-4546
Drama|War,Täällä Pohjantähden alla II ,61-453-2760
Comedy,Tenure,67-071-8445
Animation,Asterix: The Land of the Gods,77-428-5096
Comedy|Romance,After You (Après vous...),58-372-9282
Documentary,Chasing Ghosts: Beyond the Arcade ,64-842-5683
Comedy|Crime|Mystery,Mystery Team,08-493-0680
Documentary|Musical,"Source Family, The",06-048-3914
Comedy|Mystery,Whistling in the Dark,02-411-8557
Action|Comedy|Drama,"Wedding Party, The (Die Bluthochzeit)",07-651-4711
Documentary,Clint Eastwood: Out of the Shadows,34-138-8567
Adventure|Comedy,Casanova's Big Night,71-790-8094
Action|Crime,Detroit 9000,11-521-7810
Documentary,Fantastic Flesh: The Art of Make-Up EFX,47-729-3816
Drama,Price of Glory,69-040-4363
Drama|Romance|Thriller,"Crying Game, The",02-402-0606
Action|Drama,Lone Wolf and Cub: Baby Cart to Hades (Kozure Ôkami: Shinikazeni mukau ubaguruma),31-537-8780
Drama,Low Life,12-572-7778
Drama,The Green,52-365-9015
Drama,"Bête humaine, La",34-297-2711
Drama,"Average Little Man, An (Un borghese piccolo piccolo)",03-025-7001
Drama|Western,"Shootist, The",50-601-7362
Drama|Romance,Sunday,12-138-4280
Comedy|Documentary,"Electric Boogaloo: The Wild, Untold Story of Cannon Films",88-582-3885
Action|Adventure|Sci-Fi,3 dev adam (Three Giant Men) ,11-376-0475
Action|Adventure|Drama|Fantasy|Mystery|IMAX,Harry Potter and the Deathly Hallows: Part 2,96-218-4595
Animation|Children|Comedy|Musical,Ferngully: The Last Rainforest,34-032-1605
Drama|War,Hart's War,01-049-9705
Animation|Children,"Jungle Book 2, The",65-768-8001
Crime|Drama|Mystery|Thriller,Evidence of Blood,90-551-8330
Comedy,Carmen Comes Home (Karumen kokyo ni kaeru),76-375-8378
Action|Sci-Fi|Thriller,Nemesis 3: Time Lapse,46-853-8630
Adventure|Comedy|Romance,Virgin Territory,13-990-6776
Comedy|Romance,Crush,41-020-1683
Drama,Biutiful,11-865-4945
Action|Adventure,Gamera vs. Guiron,30-784-4160
Comedy,My Life in Ruins,59-356-7226
Crime|Film-Noir|Mystery|Romance|Thriller,I Wake Up Screaming,70-945-2594
Comedy|Sci-Fi,Sleeper,11-428-0140
Western,"Iron Horse, The",28-988-6519
Documentary,West of Memphis,72-485-9246
Comedy|Drama,"Ladies and Gentlemen, the Fabulous Stains (a.k.a. All Washed Up)",26-923-6757
Crime|Horror|Thriller,"Black Room, The",24-745-9545
Comedy|Documentary,Kumail Nanjiani: Beta Male ,24-403-2127
Comedy,Corner Gas: The Movie,83-913-4729
Comedy|Drama|Romance,Too Beautiful for You (Trop belle pour toi),08-338-1866
Drama|Horror|Mystery|Sci-Fi|Thriller,White Noise,50-581-1226
Sci-Fi|Thriller,Skyline,37-573-8875
Crime|Drama|Mystery|Thriller,"Crimson Rivers, The (Rivières pourpres, Les)",98-429-4352
Adventure|Children|Fantasy|Musical,"Gnome-Mobile, The",64-954-3477
Horror,Ju-on: The Curse,96-212-7090
Comedy|Romance,Honeymoon,41-751-7844
Drama,"Legend of Lizzie Borden, The",16-937-4490
Action|Crime|Drama|Mystery|Thriller,Run All Night,40-267-8297
Adventure,Legend of the Lost,13-284-7464
Comedy|Documentary,Her Master's Voice,35-347-4981
Comedy|Drama,"Lucía, Lucía (Hija del caníbal, La)",70-002-8648
Drama,Hotel Pacific (Zaklete rewiry),83-944-4314
Action|Drama,New Rose Hotel,11-330-4457
Drama,Distance,38-447-1989
Action|Adventure,"Black Pirate, The",17-790-4788
Drama,"Ides of March, The",41-990-6352
Drama|Romance,Torments (El) (This Strange Passion),02-878-6908
Drama,Backstage,27-992-7966
Comedy|Crime,The Gentleman from Epsom,53-054-6612
Documentary|Horror,Faces of Death 6,74-664-1308
Drama|Romance,Holiday Affair,29-319-4782
Documentary,Zoo,65-427-0873
Documentary,History of Postwar Japan as Told by a Bar Hostess (Nippon Sengoshi - Madamu onboro no Seikatsu),73-061-3226
Comedy|Drama|Romance,The Spectacular Now,84-718-3043
Action|Adventure|Crime|Drama|Thriller,Down Twisted,01-307-4439
Drama,Nixon,33-588-2272
Documentary,Donos de Portugal,67-947-9883
Comedy|Crime|Mystery|Thriller,"Gas, Inspector Palmu! (Kaasua, komisario Palmu!)",78-196-1749
Drama,No,23-488-7764
Comedy|Drama,Alive and Ticking (Ein Tick anders),65-908-2066
Comedy|Musical,Cover Girl,02-629-8328
Comedy|Drama,The Color of Milk,64-779-7332
Comedy,"Sommer der Gaukler, Der",46-772-8399
Thriller,Zebra Lounge,66-102-3432
Horror|Thriller,"Amityville Horror, The",98-939-3848
Drama|Mystery|Romance,Last Year at Marienbad (L'Année dernière à Marienbad),65-754-0597
Action|Adventure|Fantasy|Sci-Fi,Hercules and the Lost Kingdom,60-690-3300
Drama,Cesar Chavez,99-429-0522
Comedy,Wayne's World 2,24-026-5711
Thriller,I Confess,10-358-3133
Action|Crime,One Tough Cop,32-912-0510
Documentary,Forgiving Dr. Mengele,63-310-3109
Horror|Sci-Fi,"Godzilla, King of the Monsters! (Kaijû-ô Gojira)",97-958-9428
Drama|War,Submarine X-1,12-105-8327
Action|Drama|War,The Raid,34-943-3920
Action|Thriller,Haywire,75-685-8853
Drama,The Moromete Family,51-727-4507
Comedy|Crime|Drama,"President's Last Bang, The (Geuddae geusaramdeul)",34-065-3436
Drama|Romance|Sci-Fi|Thriller,Lucia,86-714-3000
Comedy|Drama,"Art of Negative Thinking, The (Kunsten å tenke negativt)",11-242-5166
Crime|Drama|Romance,Things to Do in Denver When You're Dead,31-126-6687
Drama|Musical,Backbeat,80-725-8772
Children|Comedy,Yogi Bear,95-785-9370
Drama,Black on White (Mustaa valkoisella),40-148-7867
Drama,"Turin Horse, The (A Torinói ló)",94-683-4380
Documentary,Hawking,22-575-2900
Drama,Home for the Holidays,60-142-6989
Drama,Shout,01-383-2165
Documentary,Chelsea on the Rocks,76-396-3520
Adventure,"Light at the Edge of the World, The",81-085-3111
Documentary,Benji ,98-649-2299
Drama|Romance,Young Aphrodites (Mikres Afrodites),18-863-9440
Comedy|Fantasy|Horror,House II: The Second Story,49-913-6822
Action|Fantasy|Horror,Dead in Tombstone,79-015-4002
Drama|Thriller,Catch a Fire,92-419-0827
Comedy|Romance,Mo' Money,22-476-7341
Crime|Thriller,Red Corner,55-082-7874
Documentary,Precision: The Measure of All Things,81-796-5637
Drama,"Bobby Jones, Stroke of Genius",03-784-3397
Action|Adventure|Sci-Fi,War of the Robots (La guerra dei robot),61-806-5792
Comedy|Drama|Romance,"Wedding Photographer, The (Bröllopsfotografen)",37-404-1230
Drama,Strawberry Wine,81-198-5393
Comedy,"Living Wake, The",07-436-1813
Action|War,Missing in Action 2: The Beginning,39-271-9779
Crime|Drama|Thriller,Tony Rome,80-107-8157
Drama,Violeta Went to Heaven (Violeta se fue a los cielos),40-441-7968
Comedy|Crime|Romance,Watch Out for the Automobile (Beregis avtomobilya),58-590-2097
(no genres listed),The Court-Martial of Jackie Robinson,04-604-4057
Drama,Baby Face,53-518-3746
Animation,Live Music,22-946-7983
Comedy|Drama|Romance,Love Actually,33-706-6365
Drama,Clean,45-032-3871
Horror|Mystery|Thriller,"Night Walker, The",66-979-8059
Action|Comedy|Crime,Stealing Rembrandt (Rembrandt),85-371-6051
Drama|Musical,Quadrophenia,23-680-1700
Comedy,Calendar Girls,90-062-3516
Adventure|Animation|Children|Comedy|Musical|Romance,Shrek 2,84-417-1836
Horror|Thriller,"Strangers, The",51-130-8850
Comedy|Western,Texas Across the River,88-854-9707
Action|Crime|Drama|Thriller,"Outside Man, The (Un homme est mort)",83-696-2523
Drama,Under the Volcano,31-164-2383
Comedy,Volunteers,86-024-8320
Comedy|Drama,Let it Rain (Parlez-moi de la pluie),82-563-5207
Drama|Romance,Smash-Up: The Story of a Woman,76-608-3183
Drama,Remember the Titans,29-197-7521
Comedy|Drama,Colour Me Kubrick: A True...ish Story,25-939-2680
Action|Adventure|Drama|Romance,Mulan,89-303-2839
Comedy,Blankman,78-921-8732
Documentary,Life Itself,21-241-6586
Adventure|War,Cast a Giant Shadow,35-521-8986
Drama,"Cheat, The",34-257-1490
Drama|Fantasy,"Magic Sword, The",81-999-3193
Comedy,Monty Python Live at the Hollywood Bowl,35-770-4064
Drama,I'm Here,01-883-7250
Comedy|War,Which Way to the Front?,59-515-3319
Drama|Romance,Mona Lisa Smile,88-456-8908
Comedy,Super Sucker,29-082-7477
Action|Comedy|Drama,"Last Dragon, The",31-802-0729
Drama|Fantasy|Romance,"Exterminating Angels, The (anges exterminateurs, Les)",93-424-2318
Documentary,American Promise,79-860-5265
Drama,What Richard Did,84-000-2349
Drama|Romance,Leila,61-317-1035
Crime|Drama|Mystery,Closed Circuit,61-445-5435
Crime|Thriller,Parker,16-634-3928
Drama,Ill Gotten Gains,49-498-5915
Action|Drama,Jet Li's Fearless (Huo Yuan Jia),70-288-4660
Drama,"Wave, The (Welle, Die)",28-459-0500
Action|Adventure|Fantasy,Barbarian Queen,28-955-0666
Documentary,"Atomic States of America, The",82-750-6984
Action|Horror|Mystery|Thriller,Rise,31-229-1715
Crime|Drama,"Swimming Pool, The (La piscine)",55-687-7990
Action|Animation|Drama|War,Paths of Hate,63-202-0907
Adventure|War,"Drum, The (Drums)",68-261-5322
Crime|Drama,They Made Me a Criminal (I Became a Criminal) (They Made Me a Fugitive),43-742-0211
Drama,To Cross the Rubicon,53-760-7964
Action|Horror|Thriller,"Collection, The",31-871-2551
Drama|Film-Noir,Party Girl,39-378-4420
Comedy|Documentary,Ringers: Lord of the Fans,12-225-4766
Drama,"Home and the World, The (Ghare-Baire)",92-747-2680
Drama,Bitch Hug (Bitchkram),77-853-3201
Drama|Musical|Romance,"Tramp, The (Awaara) (Awara)",68-889-0523
Drama,"Garçu, Le",61-212-1334
Adventure|Comedy|Fantasy|Romance|IMAX,Journey to the West: Conquering the Demons (Daai wa sai you chi Chui mo chun kei),03-945-0501
Horror|Thriller,"Frozen, The",54-478-5075
Horror|Thriller,Fragile,24-343-3705
Crime|Horror|Mystery|Thriller,Saw VI,81-012-4047
Drama|Romance,Viagem a Portugal,93-108-3702
Drama,Town Without Pity,17-218-2625
Drama|Western,Westward the Women,55-221-9013
Comedy,"Underground Comedy Movie, The",50-449-9611
Drama,Golden Gate,16-913-8030
Documentary,Videocracy (Videocracy - Basta apparire),93-256-5503
Action|Adventure|Animation,Fullmetal Alchemist: The Sacred Star of Milos,72-200-0286
Comedy,Spice World,40-798-2222
Drama,"Sleeping Beauty, The (La belle endormie)",58-863-8411
Drama|Musical|Romance,Roustabout,73-127-9311
Action|Adventure|Crime,K-20: The Fiend with Twenty Faces,11-748-5534
Comedy|Crime|Thriller,The Voices,08-610-2258
Comedy|Sci-Fi,Space Milkshake,03-125-5140
Action|Adventure|Crime|Thriller,The Hire: Hostage,51-899-4695
Animation|Children,Mickey's The Prince and the Pauper,50-616-6517
Action|Drama,"Assassination (Ansatsu) (Assassination, The) (Assassin, The)",87-641-2091
Drama|War,Enemy at the Gates,77-724-5618
Action|Comedy,Naked Gun 33 1/3: The Final Insult,22-892-1989
Drama|Thriller,Subject Two,11-860-6301
Action|Comedy|Crime,Crooks in Clover (a.k.a. Monsieur Gangster) (Les tontons flingueurs),57-619-7336
Drama|Romance,Anna Karenina,48-622-8443
